chercheur_id,nom_complet,chercheur_source_name,etablissement,laboratoire,equipe,type_membre,n_affectations,scholar_id,scholar_url,affiliation,email_domain,interests,citations_totales,h_index,i10_index,since_year,citations_since,h_index_since,i10_index_since,citations_since_2021,h_index_since_2021,i10_index_since_2021,scholar_profile_status,profile_match_confidence,match_method,collection_status,status_detail,data_source
fsbm_abdelhakim_alali,Abdelhakim Alali,ABDELHAKIM.ALALI,FSBM,Laboratoire de Traitement de l'Information,Systèmes Électroniques Intelligents,Membre Permanent(e),1,OcbnqJIAAAAJ,https://scholar.google.com/citations?user=OcbnqJIAAAAJ&hl=en,enseignant-chercheur en génie électrique,etu.univh2c.ma,systèmes embarqués; IA; électronique; électronique de puissance,103,5,2,2021,95,4,2,95,4,2,matched,1.0,manual_override,complete,profil validé manuellement (scholar_overrides.csv),google_scholar
fsbm_abdellatif_slimani,Abdellatif Slimani,ABDELLATIF.SLIMANI,FSBM,Laboratoire de Traitement de l'Information,Télécommunications et Systèmes Automatiques,Membre Permanent(e),1,PA70UmkAAAAJ,https://scholar.google.com/citations?user=PA70UmkAAAAJ&hl=en,PhD at Sidi Mohamed Ben Abdellah University,usmba.ac.ma,Numerical methods simulation; Antennas & Propagation; Microwave components design; RFID & Radar systems; Instrumentation,141,8,7,2021,79,6,2,79,6,2,matched,1.0,manual_override,complete,profil validé manuellement (scholar_overrides.csv),google_scholar
fsbm_abdelmoghit_zaarane,Abdelmoghit Zaarane,Abdelmoghit.ZAARANE,FSBM,Laboratoire de Traitement de l'Information,Systèmes Électroniques Intelligents,Membre Permanent(e),1,WyhosLcAAAAJ,https://scholar.google.com/citations?user=WyhosLcAAAAJ&hl=en,"Faculty of Sciences Ben M'sick, University Hassan II of Casablanca",univh2c.ma,Embedded Systems; Computer Vision; Advanced Driving Assistance Systems,412,8,8,2021,367,8,7,367,8,7,matched,1.0,manual_override,complete,profil validé manuellement (scholar_overrides.csv),google_scholar
fsbm_asmae_guennoun,Asmae Guennoun,ASMAE.GUENNOUN,FSBM,Laboratoire de Traitement de l'Information,"Matériaux, Energies Renouvelables et Smart Technologies",Membre Permanent(e),1,5S8wkxEAAAAJ,https://scholar.google.com/citations?user=5S8wkxEAAAAJ&hl=en,"LTI lab, Faculty of Sciences Ben M'sick, University Hassan II of Casablanca",univh2c.ma,RÉSEAUX DE NEURONES INTELLIGENCE ARTIFICIELLE,16,3,0,2021,16,3,0,16,3,0,matched,1.0,manual_override,complete,profil validé manuellement (scholar_overrides.csv),google_scholar
fsbm_aziza_elbakali,Aziza Elbakali,AZIZA.ELBAKALI,FSBM,Laboratoire de Traitement de l'Information,Systèmes Électroniques Intelligents,Membre Permanent(e),1,ADagKpAAAAAJ,https://scholar.google.com/citations?user=ADagKpAAAAAJ&hl=en,Maitre de Conférence. Université Hassan II Casa Maroc,etu.univh2c.ma,Electronique et traitement de l'information,7,2,0,2021,7,2,0,7,2,0,matched,1.0,manual_override,complete,blocked: HTTP 429 — accès limité par Google Scholar,google_scholar
fsbm_issam_atouf,Issam Atouf,ISSAM.ATOUF,FSBM,Laboratoire de Traitement de l'Information,Systèmes Électroniques Intelligents,Membre Permanent(e),1,4Rdvq2YAAAAJ,https://scholar.google.com/citations?user=4Rdvq2YAAAAJ&hl=en,University of Hassan II Casablanca,,Video Surveillance and Tracking Methods; Neural Networks and Applications; Autonomous Vehicle Technology and Safety; Advanced Neural Network Applications; Vehicle License Plate Recognition,496,11,12,,,,,,,,matched,1.0,openalex_name_institution,complete,Google Scholar limite l'accès (HTTP 429) : données OpenAlex (profil rattaché à l'Université Hassan II),openalex
fsbm_mohamed_talea,Mohamed Talea,MOHAMED.TALEA,FSBM,Laboratoire de Traitement de l'Information,Intelligence artificielle et Géoinformatique appliquées,Membre Permanent(e),1,3ztbunUAAAAJ,https://scholar.google.com/citations?user=3ztbunUAAAAJ&hl=en,University of Hassan II Casablanca,,Multi-Criteria Decision Making; Optimization and Mathematical Programming; Fuzzy and Soft Set Theory; Cognitive Science and Mapping; Network Security and Intrusion Detection,2737,27,74,,,,,,,,matched,1.0,openalex_name_institution,complete,Google Scholar limite l'accès (HTTP 429) : données OpenAlex (profil rattaché à l'Université Hassan II),openalex
fsbm_tarik_chafiq,Tarik Chafiq,TARIK.CHAFIQ,FSBM,Laboratoire de Traitement de l'Information,Intelligence artificielle et Géoinformatique appliquées,Membre Permanent(e),1,J1rNqKQAAAAJ,https://scholar.google.com/citations?user=J1rNqKQAAAAJ&hl=en,University of Hassan II Casablanca,,Blockchain Technology Applications and Security; Geological Modeling and Analysis; Online and Blended Learning; Land Use and Ecosystem Services; Geographic Information Systems Studies,218,8,7,,,,,,,,matched,1.0,openalex_name_institution,complete,Google Scholar limite l'accès (HTTP 429) : données OpenAlex (profil rattaché à l'Université Hassan II),openalex
fsbm_youssef_naimi,Youssef Naimi,YOUSSEF.NAIMI,FSBM,Laboratoire de Traitement de l'Information,"Matériaux, Energies Renouvelables et Smart Technologies",Membre Permanent(e),1,22H8d4UAAAAJ,https://scholar.google.com/citations?user=22H8d4UAAAAJ&hl=en,University of Hassan II Casablanca,,Corrosion Behavior and Inhibition; Electrocatalysts for Energy Conversion; Fuel Cells and Related Materials; Concrete Corrosion and Durability; Hydrogen embrittlement and corrosion behaviors in metals,495,11,12,,,,,,,,matched,1.0,openalex_name_institution,complete,Google Scholar limite l'accès (HTTP 429) : données OpenAlex (profil rattaché à l'Université Hassan II),openalex
fsbm_abdellah_hamdaoui,Abdellah Hamdaoui,ABDELLAH.HAMDAOUI,FSBM,Laboratoire de Physique de la Matière Condensée,"Mécanique, Ingénierie et Matériaux",Membre Permanent(e),1,GcpkTJYAAAAJ,https://scholar.google.com/citations?user=GcpkTJYAAAAJ&hl=en,University of Hassan II Casablanca,,Composite Structure Analysis and Optimization; Numerical methods in engineering; Structural Analysis and Optimization; Composite Material Mechanics; Vibration and Dynamic Analysis,132,8,4,,,,,,,,matched,1.0,openalex_name_institution,complete,Google Scholar limite l'accès (HTTP 429) : données OpenAlex (profil rattaché à l'Université Hassan II),openalex
fsbm_abdenbi_khouaja,Abdenbi Khouaja,ABDENBI.KHOUAJA,FSBM,Laboratoire de Physique de la Matière Condensée,Subatomique et Applications,Membre Permanent(e),1,4GVCnygAAAAJ,https://scholar.google.com/citations?user=4GVCnygAAAAJ&hl=en,University of Hassan II Casablanca,,Atomic and Molecular Physics; Particle accelerators and beam dynamics; Nuclear Physics and Applications; Hydrocarbon exploration and reservoir analysis; Radiation Therapy and Dosimetry,5,1,0,,,,,,,,matched,1.0,openalex_name_institution,complete,Google Scholar limite l'accès (HTTP 429) : données OpenAlex (profil rattaché à l'Université Hassan II),openalex
fsbm_bouazza_braikat,Bouazza Braikat,BOUAZZA.BRAIKAT,FSBM,Laboratoire de Physique de la Matière Condensée,"Mécanique, Ingénierie et Matériaux",Membre Permanent(e),1,M9BcVSUAAAAJ,https://scholar.google.com/citations?user=M9BcVSUAAAAJ&hl=en,University of Hassan II Casablanca,,Composite Structure Analysis and Optimization; Numerical methods in engineering; Vibration and Dynamic Analysis; Advanced Numerical Methods in Computational Mathematics; Structural Analysis and Optimization,1195,21,41,,,,,,,,matched,1.0,openalex_name_institution,complete,Google Scholar limite l'accès (HTTP 429) : données OpenAlex (profil rattaché à l'Université Hassan II),openalex
fsbm_mohamed_idiri,Mohamed Idiri,MOHAMED.IDIRI,FSBM,Laboratoire de Physique de la Matière Condensée,"Mécanique, Ingénierie et Matériaux",Membre Permanent(e),1,oDDe4n4AAAAJ,https://scholar.google.com/citations?user=oDDe4n4AAAAJ&hl=en,University of Hassan II Casablanca,,Hydrogen Storage and Materials; Heusler alloys: electronic and magnetic properties; Metal and Thin Film Mechanics; Intermetallics and Advanced Alloy Properties; Advanced materials and composites,700,12,16,,,,,,,,matched,1.0,openalex_name_institution,complete,Google Scholar limite l'accès (HTTP 429) : données OpenAlex (profil rattaché à l'Université Hassan II),openalex
fsbm_mourad_benlattar,Mourad Benlattar,MOURAD.BENLATTAR,FSBM,Laboratoire de Physique de la Matière Condensée,Matériaux Innovants et Matière Condensée,Membre Permanent(e),1,xpxjPL4AAAAJ,https://scholar.google.com/citations?user=xpxjPL4AAAAJ&hl=en,,,,,,,,,,,,,,matched,1.0,manual_override,error,ScholarParseError: Élément #gsc_prf_in introuvable : profil inexistant ou HTML modifié,none
fsbm_othmane_daoudi,Othmane Daoudi,OTHMANE.DAOUDI,FSBM,Laboratoire de Physique de la Matière Condensée,"Mécanique, Ingénierie et Matériaux",Membre Permanent(e),1,1W-uvFYAAAAJ,https://scholar.google.com/citations?user=1W-uvFYAAAAJ&hl=en,"Université Ibn-Tofail, University of Hassan II Casablanca",,Copper-based nanomaterials and applications; ZnO doping and properties; Chalcogenide Semiconductor Thin Films; Quantum Dots Synthesis And Properties; Advanced Photocatalysis Techniques,138,6,3,,,,,,,,matched,1.0,openalex_name_institution,complete,Google Scholar limite l'accès (HTTP 429) : données OpenAlex (profil rattaché à l'Université Hassan II),openalex
fsbm_rachida_moultif,Rachida Moultif,RACHIDA.MOULTIF,FSBM,Laboratoire de Physique de la Matière Condensée,Physique des nanosystèmes et nanocomposites,Membre Permanent(e),1,S26uLeQAAAAJ,https://scholar.google.com/citations?user=S26uLeQAAAAJ&hl=en,University of Hassan II Casablanca,,Membrane Separation Technologies; Advanced Battery Materials and Technologies; Advancements in Battery Materials; Fusion materials and technologies; Advanced Battery Technologies Research,63,4,2,,,,,,,,matched,1.0,openalex_name_institution,complete,Google Scholar limite l'accès (HTTP 429) : données OpenAlex (profil rattaché à l'Université Hassan II),openalex
fsbm_ahmed_fekri,Ahmed Fekri,AHMED.FEKRI,FSBM,"Géosciences, Géomatique et Environnement",Géologie Appliquée et Ressources en Eaux,Membre Permanent(e),1,iVcGR4wAAAAJ,https://scholar.google.com/citations?user=iVcGR4wAAAAJ&hl=en,,,,,,,,,,,,,,matched,1.0,manual_override,error,ScholarParseError: Élément #gsc_prf_in introuvable : profil inexistant ou HTML modifié,none
fsbm_allal_labriki,Allal Labriki,Allal.LABRIKI,FSBM,"Géosciences, Géomatique et Environnement",Géomatique Appliquée aux Géosciences et à l'Environnement,Membre Permanent(e),1,5nrRDxAAAAAJ,https://scholar.google.com/citations?user=5nrRDxAAAAAJ&hl=en,University of Hassan II Casablanca,,Geological and Geophysical Studies Worldwide; Landslides and related hazards; Geological and Geochemical Analysis; Soil erosion and sediment transport; Flood Risk Assessment and Management,64,4,2,,,,,,,,matched,1.0,openalex_name_institution,complete,Google Scholar limite l'accès (HTTP 429) : données OpenAlex (profil rattaché à l'Université Hassan II),openalex
fsbm_faouziya_haissen,Faouziya Haissen,FAOUZIYA.HAISSEN,FSBM,"Géosciences, Géomatique et Environnement",Géologie Appliquée et Ressources en Eaux,Membre Permanent(e),1,IOR7TaoAAAAJ,https://scholar.google.com/citations?user=IOR7TaoAAAAJ&hl=en,University of Hassan II Casablanca,,Geological and Geophysical Studies Worldwide; Geological and Geochemical Analysis; earthquake and tectonic studies; Geochemistry and Geologic Mapping; Geology and Paleoclimatology Research,712,16,21,,,,,,,,matched,1.0,openalex_name_institution,complete,Google Scholar limite l'accès (HTTP 429) : données OpenAlex (profil rattaché à l'Université Hassan II),openalex
fsbm_mostafa_oukassou,Mostafa Oukassou,MOSTAFA.OUKASSOU,FSBM,"Géosciences, Géomatique et Environnement",Géologie Appliquée et Ressources en Eaux,Membre Permanent(e),1,AKNLvIEAAAAJ,https://scholar.google.com/citations?user=AKNLvIEAAAAJ&hl=en,University of Hassan II Casablanca,,Geological and Geophysical Studies Worldwide; Paleontology and Evolutionary Biology; Evolution and Paleontology Studies; Paleontology and Stratigraphy of Fossils; earthquake and tectonic studies,446,13,16,,,,,,,,matched,1.0,openalex_name_institution,complete,Google Scholar limite l'accès (HTTP 429) : données OpenAlex (profil rattaché à l'Université Hassan II),openalex
fsbm_mustapha_mouflih,Mustapha Mouflih,MUSTAPHA.MOUFLIH,FSBM,"Géosciences, Géomatique et Environnement","Dynamique, Stratigraphie et Valorisation des Bassins Sédimentaires",Membre Permanent(e),1,DCymGMEAAAAJ,https://scholar.google.com/citations?user=DCymGMEAAAAJ&hl=en,University of Hassan II Casablanca,,Geological and Geophysical Studies Worldwide; Paleontology and Stratigraphy of Fossils; Geology and Paleoclimatology Research; Geochemistry and Elemental Analysis; Adsorption and biosorption for pollutant removal,881,11,13,,,,,,,,matched,1.0,openalex_name_institution,complete,Google Scholar limite l'accès (HTTP 429) : données OpenAlex (profil rattaché à l'Université Hassan II),openalex
fsbm_nadia_barhoun,Nadia Barhoun,NADIA.BARHOUN,FSBM,"Géosciences, Géomatique et Environnement","Dynamique, Stratigraphie et Valorisation des Bassins Sédimentaires",Membre Permanent(e),1,AvtWIt8AAAAJ,https://scholar.google.com/citations?user=AvtWIt8AAAAJ&hl=en,University of Hassan II Casablanca,,Geological and Geophysical Studies Worldwide; Geology and Paleoclimatology Research; Geological formations and processes; Mediterranean and Iberian flora and fauna; Paleontology and Stratigraphy of Fossils,625,9,9,,,,,,,,matched,1.0,openalex_name_institution,complete,Google Scholar limite l'accès (HTTP 429) : données OpenAlex (profil rattaché à l'Université Hassan II),openalex
fsbm_rachid_essamoud,Rachid Essamoud,RACHID.ESSAMOUD,FSBM,"Géosciences, Géomatique et Environnement","Dynamique, Stratigraphie et Valorisation des Bassins Sédimentaires",Membre Permanent(e),1,pupxlJ0AAAAJ,https://scholar.google.com/citations?user=pupxlJ0AAAAJ&hl=en,University of Hassan II Casablanca,,Geological and Geophysical Studies Worldwide; Paleontology and Stratigraphy of Fossils; Geological formations and processes; Geology and Paleoclimatology Research; Archaeological and Historical Studies,125,6,3,,,,,,,,matched,1.0,openalex_name_institution,complete,Google Scholar limite l'accès (HTTP 429) : données OpenAlex (profil rattaché à l'Université Hassan II),openalex
fsbm_soufiane_maimouni,Soufiane Maimouni,SOUFIANE.MAIMOUNI,FSBM,"Géosciences, Géomatique et Environnement",Géomatique Appliquée aux Géosciences et à l'Environnement,Membre Permanent(e),1,TvMcd8oAAAAJ,https://scholar.google.com/citations?user=TvMcd8oAAAAJ&hl=en,University of Hassan II Casablanca,,Groundwater and Watershed Analysis; Remote-Sensing Image Classification; Geochemistry and Geologic Mapping; Soil erosion and sediment transport; Soil Geostatistics and Mapping,273,10,10,,,,,,,,matched,1.0,openalex_name_institution,complete,Google Scholar limite l'accès (HTTP 429) : données OpenAlex (profil rattaché à l'Université Hassan II),openalex
fsbm_mohamed_moumou,Mohamed Moumou,MOHAMED.MOUMOU,FSBM,Laboratoire de Chimie Analytique et Moléculaire,"Chimie Physique, Modélisation Moléculaire et Substances Naturelles",Membre Permanent(e),1,0rekc_YAAAAJ,https://scholar.google.com/citations?user=0rekc_YAAAAJ&hl=en,"Abdelmalek Essaâdi University, University of Hassan II Casablanca",,Crystallization and Solubility Studies; X-ray Diffraction in Crystallography; Sesquiterpenes and Asteraceae Studies; Traditional and Medicinal Uses of Annonaceae; Marine Sponges and Natural Products,119,6,4,,,,,,,,matched,1.0,openalex_name_institution,complete,Google Scholar limite l'accès (HTTP 429) : données OpenAlex (profil rattaché à l'Université Hassan II),openalex
fsbm_mohamed_radid,Mohamed Radid,MOHAMED.RADID,FSBM,Laboratoire de Chimie Analytique et Moléculaire,"Chimie Physique, Modélisation Moléculaire et Substances Naturelles",Membre Permanent(e),1,ZITQAJoAAAAJ,https://scholar.google.com/citations?user=ZITQAJoAAAAJ&hl=en,,,,,,,,,,,,,,matched,1.0,manual_override,error,ScholarParseError: Élément #gsc_prf_in introuvable : profil inexistant ou HTML modifié,none
fsbm_samia_yousfi,Samia Yousfi,SAMIA.YOUSFI,FSBM,Laboratoire de Chimie Analytique et Moléculaire,"Matériaux, Analyse et Procédés",Membre Permanent(e),1,BQ-SjWEAAAAJ,https://scholar.google.com/citations?user=BQ-SjWEAAAAJ&hl=en,University of Hassan II Casablanca,,Adsorption and biosorption for pollutant removal; Phosphorus and nutrient management; Coastal and Marine Dynamics; Minerals Flotation and Separation Techniques; Ocean Acidification Effects and Responses,50,5,0,,,,,,,,matched,1.0,openalex_name_institution,complete,Google Scholar limite l'accès (HTTP 429) : données OpenAlex (profil rattaché à l'Université Hassan II),openalex
fsbm_samir_chtita,Samir Chtita,SAMIR.CHTITA,FSBM,Laboratoire de Chimie Analytique et Moléculaire,"Chimie Physique, Modélisation Moléculaire et Substances Naturelles",Membre Permanent(e),1,vdPyLoMAAAAJ,https://scholar.google.com/citations?user=vdPyLoMAAAAJ&hl=en,"MRC Laboratory of Molecular Biology, University of Hassan II Casablanca",,Computational Drug Discovery Methods; Synthesis and biological activity; Cholinesterase and Neurodegenerative Diseases; Click Chemistry and Applications; Free Radicals and Antioxidants,4361,38,120,,,,,,,,matched,1.0,openalex_name_institution,complete,Google Scholar limite l'accès (HTTP 429) : données OpenAlex (profil rattaché à l'Université Hassan II),openalex
fsbm_asmaa_benbiyi,Asmaa Benbiyi,ASMAA.BENBIYI,FSBM,Laboratoire de Chimie Physique des Matériaux Appliqués,Matériaux fonctionnels et applications,Membre Permanent(e),1,tIzgYIoAAAAJ,https://scholar.google.com/citations?user=tIzgYIoAAAAJ&hl=en,University of Hassan II Casablanca,,Chemical and Physical Properties in Aqueous Solutions; Thermodynamic properties of mixtures; Crystallization and Solubility Studies; Chemical Thermodynamics and Molecular Structure; Phytochemicals and Antioxidant Activities,342,12,14,,,,,,,,matched,1.0,openalex_name_institution,complete,Google Scholar limite l'accès (HTTP 429) : données OpenAlex (profil rattaché à l'Université Hassan II),openalex
fsbm_aziz_boutouil,Aziz Boutouil,AZIZ.BOUTOUIL,FSBM,Laboratoire de Chimie Physique des Matériaux Appliqués,Matériaux fonctionnels et applications,Membre Permanent(e),1,8X0-WxsAAAAJ,https://scholar.google.com/citations?user=8X0-WxsAAAAJ&hl=en,University of Hassan II Casablanca,,Corrosion Behavior and Inhibition; Concrete Corrosion and Durability; Hydrogen embrittlement and corrosion behaviors in metals; Adsorption and biosorption for pollutant removal; Electrodeposition and Electroless Coatings,391,10,10,,,,,,,,matched,1.0,openalex_name_institution,complete,Google Scholar limite l'accès (HTTP 429) : données OpenAlex (profil rattaché à l'Université Hassan II),openalex
fsbm_boubker_mehdaoui,Boubker Mehdaoui,BOUBKER.MEHDAOUI,FSBM,Laboratoire de Chimie Physique des Matériaux Appliqués,Matériaux fonctionnels et applications,Membre Permanent(e),1,SAAqKKsAAAAJ,https://scholar.google.com/citations?user=SAAqKKsAAAAJ&hl=en,,,,,,,,,,,,,,matched,1.0,manual_override,error,ScholarParseError: Élément #gsc_prf_in introuvable : profil inexistant ou HTML modifié,none
fsbm_chaouki_sadik,Chaouki Sadik,CHAOUKI.SADIK,FSBM,Laboratoire de Chimie Physique des Matériaux Appliqués,"Géomatériaux, efficacité énergétique et environnement",Membre Permanent(e),1,XytSkkwAAAAJ,https://scholar.google.com/citations?user=XytSkkwAAAAJ&hl=en,University of Hassan II Casablanca,,Recycling and utilization of industrial and municipal waste in materials production; Concrete and Cement Materials Research; Advanced ceramic materials synthesis; Clay minerals and soil interactions; Building materials and conservation,1022,17,23,,,,,,,,matched,1.0,openalex_name_institution,complete,Google Scholar limite l'accès (HTTP 429) : données OpenAlex (profil rattaché à l'Université Hassan II),openalex
fsbm_fouad_alloun,Fouad Alloun,FOUAD.ALLOUN,FSBM,Laboratoire de Chimie Physique des Matériaux Appliqués,Matériaux fonctionnels et applications,Membre Permanent(e),1,zrGeAWgAAAAJ,https://scholar.google.com/citations?user=zrGeAWgAAAAJ&hl=en,University of Hassan II Casablanca,,X-ray Diffraction in Crystallography; Crystal Structures and Properties; Chemical Synthesis and Characterization; Glass properties and applications; Luminescence Properties of Advanced Materials,30,3,1,,,,,,,,matched,1.0,openalex_name_institution,complete,Google Scholar limite l'accès (HTTP 429) : données OpenAlex (profil rattaché à l'Université Hassan II),openalex
fsbm_omar_tanane,Omar Tanane,OMAR.TANANE,FSBM,Laboratoire de Chimie Physique des Matériaux Appliqués,Matériaux intelligents et transfert technologique,Membre Permanent(e),1,0KSJLhAAAAAJ,https://scholar.google.com/citations?user=0KSJLhAAAAAJ&hl=en,University of Hassan II Casablanca,,Corrosion Behavior and Inhibition; Concrete Corrosion and Durability; Natural Fiber Reinforced Composites; Adsorption and biosorption for pollutant removal; Concrete and Cement Materials Research,2008,16,20,,,,,,,,matched,1.0,openalex_name_institution,complete,Google Scholar limite l'accès (HTTP 429) : données OpenAlex (profil rattaché à l'Université Hassan II),openalex
fsbm_said_bakkali,Said Bakkali,SAID.BAKKALI,FSBM,Laboratoire de Chimie Physique des Matériaux Appliqués,Valorisation des matériaux et modélisation,Membre Permanent(e),1,idesK9gAAAAJ,https://scholar.google.com/citations?user=idesK9gAAAAJ&hl=en,University of Hassan II Casablanca,,Corrosion Behavior and Inhibition; Electrodeposition and Electroless Coatings; Molecular Junctions and Nanostructures; Electrochemical Analysis and Applications; Concrete Corrosion and Durability,107,6,4,,,,,,,,matched,1.0,openalex_name_institution,complete,Google Scholar limite l'accès (HTTP 429) : données OpenAlex (profil rattaché à l'Université Hassan II),openalex
fsbm_soufiane_zerraf,Soufiane Zerraf,Soufiane.ZERRAF,FSBM,Laboratoire de Chimie Physique des Matériaux Appliqués,Valorisation des matériaux et modélisation,Membre Permanent(e),1,R7b0F7cAAAAJ,https://scholar.google.com/citations?user=R7b0F7cAAAAJ&hl=en,University of Hassan II Casablanca,,Crystal structures of chemical compounds; Chemical Synthesis and Characterization; Crystal Structures and Properties; Organometallic Compounds Synthesis and Characterization; Crystallography and molecular interactions,187,10,10,,,,,,,,matched,1.0,openalex_name_institution,complete,Google Scholar limite l'accès (HTTP 429) : données OpenAlex (profil rattaché à l'Université Hassan II),openalex
fsbm_younes_abboud,Younes Abboud,YOUNES.ABBOUD,FSBM,Laboratoire de Chimie Physique des Matériaux Appliqués,Matériaux fonctionnels et applications,Membre Permanent(e),1,G0zEVVUAAAAJ,https://scholar.google.com/citations?user=G0zEVVUAAAAJ&hl=en,University of Hassan II Casablanca,,Corrosion Behavior and Inhibition; Conducting polymers and applications; Concrete Corrosion and Durability,2,1,0,,,,,,,,matched,1.0,openalex_name_institution,complete,Google Scholar limite l'accès (HTTP 429) : données OpenAlex (profil rattaché à l'Université Hassan II),openalex
fsbm_abdelmottalib_nahli,Abdelmottalib Nahli,ABDELMOTTALIB.NAHLI,FSBM,Laboratoire d'Ecologie et d'Environnement,ECotoxicologie et Biomonitoring,Membre Permanent(e),1,FJUvtg8AAAAJ,https://scholar.google.com/citations?user=FJUvtg8AAAAJ&hl=en,University of Hassan II Casablanca,,Water Quality and Pollution Assessment; Water management and technologies; Freshwater macroinvertebrate diversity and ecology; Wastewater Treatment and Reuse; Aquatic Invertebrate Ecology and Behavior,34,3,0,,,,,,,,matched,1.0,openalex_name_institution,complete,Google Scholar limite l'accès (HTTP 429) : données OpenAlex (profil rattaché à l'Université Hassan II),openalex
fsbm_loubna_benidire,Loubna Benidire,LOUBNA.BENIDIRE,FSBM,Laboratoire d'Ecologie et d'Environnement,Microbiologie Appliquée,Membre Permanent(e),1,BhRwnEcAAAAJ,https://scholar.google.com/citations?user=BhRwnEcAAAAJ&hl=en,"Université Ibn Zohr, University of Hassan II Casablanca",,Legume Nitrogen Fixing Symbiosis; Agronomic Practices and Intercropping Systems; Plant-Microbe Interactions and Immunity; Nematode management and characterization studies; Magnetic and Electromagnetic Effects,392,11,11,,,,,,,,matched,1.0,openalex_name_institution,complete,Google Scholar limite l'accès (HTTP 429) : données OpenAlex (profil rattaché à l'Université Hassan II),openalex
fsbm_nadia_iounes,Nadia Iounes,NADIA.IOUNES,FSBM,Laboratoire d'Ecologie et d'Environnement,ECotoxicologie et Biomonitoring,Membre Permanent(e),1,cWLIf40AAAAJ,https://scholar.google.com/citations?user=cWLIf40AAAAJ&hl=en,University of Hassan II Casablanca,,"COVID-19 Clinical Research Studies; SARS-CoV-2 and COVID-19 Research; Obesity, Physical Activity, Diet; Corrosion Behavior and Inhibition; Groundwater and Isotope Geochemistry",50,4,1,,,,,,,,matched,1.0,openalex_name_institution,complete,Google Scholar limite l'accès (HTTP 429) : données OpenAlex (profil rattaché à l'Université Hassan II),openalex
fsbm_wadi_badri,Wadi Badri,WADI.BADRI,FSBM,Laboratoire d'Ecologie et d'Environnement,Ecologie et Ecophysiologie Végétales,Membre Permanent(e),1,ntBEnvsAAAAJ,https://scholar.google.com/citations?user=ntBEnvsAAAAJ&hl=en,University of Hassan II Casablanca,,Mediterranean and Iberian flora and fauna; Phytochemistry and Biological Activities; Plant Ecology and Soil Science; Essential Oils and Antimicrobial Activity; African Botany and Ecology Studies,664,12,18,,,,,,,,matched,1.0,openalex_name_institution,complete,Google Scholar limite l'accès (HTTP 429) : données OpenAlex (profil rattaché à l'Université Hassan II),openalex
fsbm_abdessamad_belangour,Abdessamad Belangour,ABDESSAMAD.BELANGOUR,FSBM,Laboratoire d’Intelligence Artificielle et Systèmes,Ingénierie Logicielle Intelligente et Analyse Stochastique,Membre Permanent(e),1,i8X0MgkAAAAJ,https://scholar.google.com/citations?user=i8X0MgkAAAAJ&hl=en,University of Hassan II Casablanca,,Cloud Computing and Resource Management; Big Data and Business Intelligence; IoT and Edge/Fog Computing; Natural Language Processing Techniques; Advanced Database Systems and Queries,918,16,41,,,,,,,,matched,1.0,openalex_name_institution,complete,Google Scholar limite l'accès (HTTP 429) : données OpenAlex (profil rattaché à l'Université Hassan II),openalex
fsbm_driss_bouggar,Driss Bouggar,DRISS.BOUGGAR,FSBM,Laboratoire d’Intelligence Artificielle et Systèmes,Ingénierie Logicielle Intelligente et Analyse Stochastique,Membre Permanent(e),1,6TfW2X0AAAAJ,https://scholar.google.com/citations?user=6TfW2X0AAAAJ&hl=en,University of Hassan II Casablanca,,Mathematical and Theoretical Epidemiology and Ecology Models; Mathematical Biology Tumor Growth; Stochastic processes and financial applications; COVID-19 epidemiological studies; Evolution and Genetic Dynamics,18,3,0,,,,,,,,matched,1.0,openalex_name_institution,complete,Google Scholar limite l'accès (HTTP 429) : données OpenAlex (profil rattaché à l'Université Hassan II),openalex
fsbm_faouzia_benabbou,Faouzia Benabbou,FAOUZIA.BENABBOU,FSBM,Laboratoire d’Intelligence Artificielle et Systèmes,"Innovation en Science des Données, Intelligence Artificielle et Cloud",Membre Permanent(e),1,QOxPeEoAAAAJ,https://scholar.google.com/citations?user=QOxPeEoAAAAJ&hl=en,University of Hassan II Casablanca,,Topic Modeling; Spam and Phishing Detection; Sentiment Analysis and Opinion Mining; Cloud Computing and Resource Management; Imbalanced Data Classification Techniques,1117,16,32,,,,,,,,matched,1.0,openalex_name_institution,complete,Google Scholar limite l'accès (HTTP 429) : données OpenAlex (profil rattaché à l'Université Hassan II),openalex
fsbm_khadija_achtaich,Khadija Achtaich,KHADIJA.ACHTAICH,FSBM,Laboratoire d’Intelligence Artificielle et Systèmes,Systèmes Intelligents et Modélisation Avancée,Membre Permanent(e),1,EhsD_L4AAAAJ,https://scholar.google.com/citations?user=EhsD_L4AAAAJ&hl=en,"Vinh University, Sidi Mohamed Ben Abdellah University, University of Hassan II Casablanca",,Teaching and Learning Programming; IoT and Edge/Fog Computing; Educational Games and Gamification; Online Learning and Analytics; Intelligent Tutoring Systems and Adaptive Learning,99,4,3,,,,,,,,matched,1.0,openalex_name_institution,complete,Google Scholar limite l'accès (HTTP 429) : données OpenAlex (profil rattaché à l'Université Hassan II),openalex
fsbm_mohammed_aitdaoud,Mohammed Aitdaoud,MOHAMMED.AITDAOUD,FSBM,Laboratoire d’Intelligence Artificielle et Systèmes,Systèmes Intelligents et Modélisation Avancée,Membre Permanent(e),1,xjxxn0cAAAAJ,https://scholar.google.com/citations?user=xjxxn0cAAAAJ&hl=en,University of Hassan II Casablanca,,Online Learning and Analytics; Technology Adoption and User Behaviour; Online and Blended Learning; Learning Styles and Cognitive Differences; E-Learning and Knowledge Management,78,6,2,,,,,,,,matched,1.0,openalex_name_institution,complete,Google Scholar limite l'accès (HTTP 429) : données OpenAlex (profil rattaché à l'Université Hassan II),openalex
fsbm_nawal_sael,Nawal Sael,NAWAL.SAEL,FSBM,Laboratoire d’Intelligence Artificielle et Systèmes,"Innovation en Science des Données, Intelligence Artificielle et Cloud",Membre Permanent(e),1,hfAJHyYAAAAJ,https://scholar.google.com/citations?user=hfAJHyYAAAAJ&hl=en,University of Hassan II Casablanca,,IoT and Edge/Fog Computing; Sentiment Analysis and Opinion Mining; Online Learning and Analytics; Autonomous Vehicle Technology and Safety; Imbalanced Data Classification Techniques,1117,15,29,,,,,,,,matched,1.0,openalex_name_institution,complete,Google Scholar limite l'accès (HTTP 429) : données OpenAlex (profil rattaché à l'Université Hassan II),openalex
fsbm_rachida_aitabdelouahid,Rachida Aitabdelouahid,RACHIDA.AITABDELOUAHID,FSBM,Laboratoire d’Intelligence Artificielle et Systèmes,"Sciences des Données, Technologies Intelligentes et Cybersécurité",Membre Permanent(e),1,w3Uyl9kAAAAJ,https://scholar.google.com/citations?user=w3Uyl9kAAAAJ&hl=en,University of Hassan II Casablanca,,Maritime Ports and Logistics; Maritime Navigation and Safety; Maritime Transport Emissions and Efficiency,17,1,1,,,,,,,,matched,1.0,openalex_name_institution,complete,Google Scholar limite l'accès (HTTP 429) : données OpenAlex (profil rattaché à l'Université Hassan II),openalex
fsbm_sanaa_elfilali,Sanaa Elfilali,SANAA.ELFILALI,FSBM,Laboratoire d’Intelligence Artificielle et Systèmes,"Sciences des Données, Technologies Intelligentes et Cybersécurité",Membre Permanent(e),1,peesMqoAAAAJ,https://scholar.google.com/citations?user=peesMqoAAAAJ&hl=en,University of Hassan II Casablanca,,Topic Modeling; Natural Language Processing Techniques; IoT and Edge/Fog Computing; Smart Agriculture and AI; Multimodal Machine Learning Applications,193,4,1,,,,,,,,matched,1.0,openalex_name_institution,complete,Google Scholar limite l'accès (HTTP 429) : données OpenAlex (profil rattaché à l'Université Hassan II),openalex
fsbm_youssef_sekhara,Youssef Sekhara,YOUSSEF.SEKHARA,FSBM,Laboratoire d’Intelligence Artificielle et Systèmes,Ingénierie Logicielle Intelligente et Analyse Stochastique,Membre Permanent(e),1,ixCm7WYAAAAJ,https://scholar.google.com/citations?user=ixCm7WYAAAAJ&hl=en,,,Semantic Web and Ontologies; Multi-Agent Systems and Negotiation; Structural Health Monitoring Techniques; Business Process Modeling and Analysis; Infrastructure Maintenance and Monitoring,7,2,0,,,,,,,,matched,1.0,openalex_name_institution,complete,Google Scholar limite l'accès (HTTP 429) : données OpenAlex (profil rattaché à l'Université Hassan II),openalex
fsbm_abdelhafid_bassou,Abdelhafid Bassou,ABDELHAFID.BASSOU,FSBM,"Laboratoire d'Analyse, Modélisation et Simulation","Equipe Algèbre, Analyse et Géométrie",Membre Permanent(e),1,FPo3tVoAAAAJ,https://scholar.google.com/citations?user=FPo3tVoAAAAJ&hl=en,University of Hassan II Casablanca,,Fixed Point Theorems Analysis; Optimization and Variational Analysis; Control and Dynamics of Mobile Robots; Fractional Differential Equations Solutions; Mathematical and Theoretical Epidemiology and Ecology Models,35,4,1,,,,,,,,matched,1.0,openalex_name_institution,complete,Google Scholar limite l'accès (HTTP 429) : données OpenAlex (profil rattaché à l'Université Hassan II),openalex
fsbm_abderrahim_eladraoui,Abderrahim Eladraoui,ABDERRAHIM.ELADRAOUI,FSBM,"Laboratoire d'Analyse, Modélisation et Simulation","Equipe Algèbre, Analyse et Géométrie",Membre Permanent(e),1,QTr_ct4AAAAJ,https://scholar.google.com/citations?user=QTr_ct4AAAAJ&hl=en,University of Hassan II Casablanca,,Fixed Point Theorems Analysis; Optimization and Variational Analysis; Advanced Differential Geometry Research; Nonlinear Differential Equations Analysis; Advanced Differential Equations and Dynamical Systems,26,3,0,,,,,,,,matched,1.0,openalex_name_institution,complete,Google Scholar limite l'accès (HTTP 429) : données OpenAlex (profil rattaché à l'Université Hassan II),openalex
fsbm_bouchra_aharmim,Bouchra Aharmim,BOUCHRA.AHARMIM,FSBM,"Laboratoire d'Analyse, Modélisation et Simulation","Equipe Algèbre, Analyse et Géométrie",Membre Permanent(e),1,fEERQmoAAAAJ,https://scholar.google.com/citations?user=fEERQmoAAAAJ&hl=en,University of Hassan II Casablanca,,Advanced Topics in Algebra; Holomorphic and Operator Theory; Algebraic and Geometric Analysis; Algebraic structures and combinatorial models; Matrix Theory and Algorithms,15,2,0,,,,,,,,matched,1.0,openalex_name_institution,complete,Google Scholar limite l'accès (HTTP 429) : données OpenAlex (profil rattaché à l'Université Hassan II),openalex
fsbm_elmehdi_lotfi,Elmehdi Lotfi,ELMEHDI.LOTFI,FSBM,"Laboratoire d'Analyse, Modélisation et Simulation",Equipe de Systèmes Dynamiques,Membre Permanent(e),1,co3r6zAAAAAJ,https://scholar.google.com/citations?user=co3r6zAAAAAJ,,,,,,,,,,,,,,pending,,,n/a,,none
fsbm_hassan_laarabi,Hassan Laarabi,HASSAN.LAARABI,FSBM,"Laboratoire d'Analyse, Modélisation et Simulation",Equipe de Systèmes Dynamiques,Membre Permanent(e),1,51svnvMAAAAJ,https://scholar.google.com/citations?user=51svnvMAAAAJ&hl=en,University of Hassan II Casablanca,,Mathematical and Theoretical Epidemiology and Ecology Models; COVID-19 epidemiological studies; Evolution and Genetic Dynamics; Fractional Differential Equations Solutions; Stability and Control of Uncertain Systems,313,8,7,,,,,,,,matched,1.0,openalex_name_institution,complete,Google Scholar limite l'accès (HTTP 429) : données OpenAlex (profil rattaché à l'Université Hassan II),openalex
fsbm_imane_agmour,Imane Agmour,Imane.AGMOUR,FSBM,"Laboratoire d'Analyse, Modélisation et Simulation",Equipe de Systèmes Dynamiques,Membre Permanent(e),1,MneM6ocAAAAJ,https://scholar.google.com/citations?user=MneM6ocAAAAJ&hl=en,University of Hassan II Casablanca,,Mathematical and Theoretical Epidemiology and Ecology Models; Marine and fisheries research; Evolution and Genetic Dynamics; Advanced Optimization Algorithms Research; Evolutionary Game Theory and Cooperation,488,17,17,,,,,,,,matched,1.0,openalex_name_institution,complete,Google Scholar limite l'accès (HTTP 429) : données OpenAlex (profil rattaché à l'Université Hassan II),openalex
fsbm_khalid_adnaoui,Khalid Adnaoui,KHALID.ADNAOUI,FSBM,"Laboratoire d'Analyse, Modélisation et Simulation",Equipe Statistiques et Modélisation,Membre Permanent(e),1,5ap2WIIAAAAJ,https://scholar.google.com/citations?user=5ap2WIIAAAAJ&hl=en,University of Hassan II Casablanca,,Mathematical and Theoretical Epidemiology and Ecology Models; Fractional Differential Equations Solutions; COVID-19 epidemiological studies; Particle Dynamics in Fluid Flows; Fluid Dynamics and Turbulent Flows,26,3,1,,,,,,,,matched,1.0,openalex_name_institution,complete,Google Scholar limite l'accès (HTTP 429) : données OpenAlex (profil rattaché à l'Université Hassan II),openalex
fsbm_malika_izid,Malika Izid,Malika.IZID,FSBM,"Laboratoire d'Analyse, Modélisation et Simulation","Equipe Algèbre, Analyse et Géométrie",Membre Permanent(e),1,AF7HTzkAAAAJ,https://scholar.google.com/citations?user=AF7HTzkAAAAJ&hl=en,University of Hassan II Casablanca,,Advanced Numerical Analysis Techniques; Advanced Differential Geometry Research; Geometric Analysis and Curvature Flows; Computer Graphics and Visualization Techniques; 3D Shape Modeling and Analysis,6,2,0,,,,,,,,matched,1.0,openalex_name_institution,complete,Google Scholar limite l'accès (HTTP 429) : données OpenAlex (profil rattaché à l'Université Hassan II),openalex
fsbm_omar_zakary,Omar Zakary,OMAR.ZAKARY,FSBM,"Laboratoire d'Analyse, Modélisation et Simulation",Equipe Statistiques et Modélisation,Membre Permanent(e),1,J8JyWLYAAAAJ,https://scholar.google.com/citations?user=J8JyWLYAAAAJ&hl=en,University of Hassan II Casablanca,,COVID-19 epidemiological studies; Mathematical and Theoretical Epidemiology and Ecology Models; Adaptive Control of Nonlinear Systems; Stability and Control of Uncertain Systems; Opinion Dynamics and Social Influence,381,10,11,,,,,,,,matched,1.0,openalex_name_institution,complete,Google Scholar limite l'accès (HTTP 429) : données OpenAlex (profil rattaché à l'Université Hassan II),openalex
fsbm_said_benkaddour,Said Benkaddour,SAID.BENKADDOUR,FSBM,"Laboratoire d'Analyse, Modélisation et Simulation","Equipe Algèbre, Analyse et Géométrie",Membre Permanent(e),1,rjrWg60AAAAJ,https://scholar.google.com/citations?user=rjrWg60AAAAJ&hl=en,University of Hassan II Casablanca,,Nonlinear Differential Equations Analysis; Optimization and Variational Analysis; Advanced Numerical Analysis Techniques; Fixed Point Theorems Analysis; graph theory and CDMA systems,1,1,0,,,,,,,,matched,1.0,openalex_name_institution,complete,Google Scholar limite l'accès (HTTP 429) : données OpenAlex (profil rattaché à l'Université Hassan II),openalex
fsbm_abdelilah_akouibaa,Abdelilah Akouibaa,ABDELILAH.AKOUIBAA,FSBM,Laboratoire d’Ingénierie et de Matériaux,Sciences Mécanique et Matériaux,Membre Permanent(e),1,0Q-T8x4AAAAJ,https://scholar.google.com/citations?user=0Q-T8x4AAAAJ&hl=en,"Sidi Mohamed Ben Abdellah University, University of Hassan II Casablanca",,Gold and Silver Nanoparticles Synthesis and Applications; Plasmonic and Surface Plasmon Research; Photoacoustic and Ultrasonic Imaging; Photonic and Optical Devices; Nonlinear Optical Materials Studies,286,13,13,,,,,,,,matched,1.0,openalex_name_institution,complete,Google Scholar limite l'accès (HTTP 429) : données OpenAlex (profil rattaché à l'Université Hassan II),openalex
fsbm_laila_mouakkir,Laila Mouakkir,LAILA.MOUAKKIR,FSBM,Laboratoire d’Ingénierie et de Matériaux,Sciences Mécanique et Matériaux,Membre Permanent(e),1,FJVaLHwAAAAJ,https://scholar.google.com/citations?user=FJVaLHwAAAAJ&hl=en,University of Hassan II Casablanca,,Coastal and Marine Dynamics; Ocean Waves and Remote Sensing; Wave and Wind Energy Systems; Tropical and Extratropical Cyclones Research; Aeolian processes and effects,64,5,3,,,,,,,,matched,1.0,openalex_name_institution,complete,Google Scholar limite l'accès (HTTP 429) : données OpenAlex (profil rattaché à l'Université Hassan II),openalex
fsbm_mbarka_mourabit,Mbarka Mourabit,MBARKA.MOURABIT,FSBM,Laboratoire d’Ingénierie et de Matériaux,Sciences Mécanique et Matériaux,Membre Permanent(e),1,COxcISUAAAAJ,https://scholar.google.com/citations?user=COxcISUAAAAJ,,,,,,,,,,,,,,pending,,,n/a,,none
fsbm_mina_oumam,Mina Oumam,MINA.OUMAM,FSBM,Laboratoire d’Ingénierie et de Matériaux,Matériaux Innovants,Membre Permanent(e),1,moH1YMsAAAAJ,https://scholar.google.com/citations?user=moH1YMsAAAAJ,,,,,,,,,,,,,,pending,,,n/a,,none
fsbm_rhma_adhiri,Rhma Adhiri,RHMA.ADHIRI,FSBM,Laboratoire d’Ingénierie et de Matériaux,Nanomatériaux et Couches Minces,Membre Permanent(e),1,8OVvchAAAAAJ,https://scholar.google.com/citations?user=8OVvchAAAAAJ&hl=en,University of Hassan II Casablanca,,Ferroelectric and Piezoelectric Materials; Photovoltaic System Optimization Techniques; Solar Radiation and Photovoltaics; Microwave Dielectric Ceramics Synthesis; Electronic and Structural Properties of Oxides,56,4,2,,,,,,,,matched,1.0,openalex_name_institution,complete,Google Scholar limite l'accès (HTTP 429) : données OpenAlex (profil rattaché à l'Université Hassan II),openalex
fsbm_said_gmouh,Said Gmouh,SAID.GMOUH,FSBM,Laboratoire d’Ingénierie et de Matériaux,Matériaux Innovants,Membre Permanent(e),1,DesMDlAAAAAJ,https://scholar.google.com/citations?user=DesMDlAAAAAJ&hl=en,University of Hassan II Casablanca,,Ionic liquids properties and applications; Advanced Cellulose Research Studies; Electrospun Nanofibers in Biomedical Applications; Flame retardant materials and properties; Natural Fiber Reinforced Composites,3167,29,66,,,,,,,,matched,1.0,openalex_name_institution,complete,Google Scholar limite l'accès (HTTP 429) : données OpenAlex (profil rattaché à l'Université Hassan II),openalex
fsbm_siham_slassi,Siham Slassi,SIHAM.SLASSI,FSBM,Laboratoire d’Ingénierie et de Matériaux,Matériaux Innovants,Membre Permanent(e),1,-1DLu7sAAAAJ,https://scholar.google.com/citations?user=-1DLu7sAAAAJ&hl=en,University of Hassan II Casablanca,,Synthesis and biological activity; Synthesis and Characterization of Heterocyclic Compounds; Metal complexes synthesis and properties; Click Chemistry and Applications; Free Radicals and Antioxidants,603,15,16,,,,,,,,matched,1.0,openalex_name_institution,complete,Google Scholar limite l'accès (HTTP 429) : données OpenAlex (profil rattaché à l'Université Hassan II),openalex
fsbm_soumia_mordane,Soumia Mordane,SOUMIA.MORDANE,FSBM,Laboratoire d’Ingénierie et de Matériaux,Sciences Mécanique et Matériaux,Membre Permanent(e),1,hIN0ScAAAAAJ,https://scholar.google.com/citations?user=hIN0ScAAAAAJ&hl=en,University of Hassan II Casablanca,,Coastal and Marine Dynamics; Climate variability and models; Ocean Waves and Remote Sensing; Wave and Wind Energy Systems; Meteorological Phenomena and Simulations,508,9,8,,,,,,,,matched,1.0,openalex_name_institution,complete,Google Scholar limite l'accès (HTTP 429) : données OpenAlex (profil rattaché à l'Université Hassan II),openalex
fsbm_abdelmjid_abourriche,Abdelmjid Abourriche,ABDELMJID.ABOURRICHE,FSBM,Laboratoire Biologie et Santé,Biomolécules et Biomatériaux Polymères,Membre Permanent(e),1,iKIUSQIAAAAJ,https://scholar.google.com/citations?user=iKIUSQIAAAAJ&hl=en,University of Hassan II Casablanca,,Marine Sponges and Natural Products; Pesticide Residue Analysis and Safety; Seaweed-derived Bioactive Compounds; Adsorption and biosorption for pollutant removal; Toxic Organic Pollutants Impact,325,7,6,,,,,,,,matched,1.0,openalex_name_institution,complete,Google Scholar limite l'accès (HTTP 429) : données OpenAlex (profil rattaché à l'Université Hassan II),openalex
fsbm_amal_elhamsaselyoubi,Amal Elhamsaselyoubi,AMAL.ELHAMSASELYOUBI,FSBM,Laboratoire Biologie et Santé,"Pathologies Métaboliques, Immunitaires et Tumorales",Membre Permanent(e),1,6EGcmiAAAAAJ,https://scholar.google.com/citations?user=6EGcmiAAAAAJ&hl=en,University of Hassan II Casablanca,,Ethnobotanical and Medicinal Plants Studies; Berberine and alkaloids research; Chromatography in Natural Products; Phytochemical Studies and Bioactivities; Drug-Induced Hepatotoxicity and Protection,348,9,9,,,,,,,,matched,1.0,openalex_name_institution,complete,Google Scholar limite l'accès (HTTP 429) : données OpenAlex (profil rattaché à l'Université Hassan II),openalex
fsbm_anass_kettani,Anass Kettani,ANASS.KETTANI,FSBM,Laboratoire Biologie et Santé,Modélisation Moléculaire et Contrôle Qualité,Membre Permanent(e),1,aKcwH1kAAAAJ,https://scholar.google.com/citations?user=aKcwH1kAAAAJ&hl=en,University of Hassan II Casablanca,,"Helicobacter pylori-related gastroenterology studies; Computational Drug Discovery Methods; vaccines and immunoinformatics approaches; Diabetes, Cardiovascular Risks, and Lipoproteins; HIV Research and Treatment",531,13,19,,,,,,,,matched,1.0,openalex_name_institution,complete,Google Scholar limite l'accès (HTTP 429) : données OpenAlex (profil rattaché à l'Université Hassan II),openalex
fsbm_driss_radallah,Driss Radallah,DRISS.RADALLAH,FSBM,Laboratoire Biologie et Santé,"Pathologies Métaboliques, Immunitaires et Tumorales",Membre Permanent(e),1,ENJeQHAAAAAJ,https://scholar.google.com/citations?user=ENJeQHAAAAAJ&hl=en,University of Hassan II Casablanca,,Global Cancer Incidence and Screening; Colorectal Cancer Screening and Detection; Cancer Risks and Factors; Multiple and Secondary Primary Cancers; Ethnobotanical and Medicinal Plants Studies,176,8,6,,,,,,,,matched,1.0,openalex_name_institution,complete,Google Scholar limite l'accès (HTTP 429) : données OpenAlex (profil rattaché à l'Université Hassan II),openalex
fsbm_fouad_damiri,Fouad Damiri,FOUAD.DAMIRI,FSBM,Laboratoire Biologie et Santé,Biomolécules et Biomatériaux Polymères,Membre Permanent(e),1,1nFMkMcAAAAJ,https://scholar.google.com/citations?user=1nFMkMcAAAAJ&hl=en,University of Hassan II Casablanca,,"Hydrogels: synthesis, properties, applications; Advancements in Transdermal Drug Delivery; Electrospun Nanofibers in Biomedical Applications; Wound Healing and Treatments; Advanced Drug Delivery Systems",2066,25,34,,,,,,,,matched,1.0,openalex_name_institution,complete,Google Scholar limite l'accès (HTTP 429) : données OpenAlex (profil rattaché à l'Université Hassan II),openalex
fsbm_halima_lebrazi,Halima Lebrazi,HALIMA.LEBRAZI,FSBM,Laboratoire Biologie et Santé,Pathologies Chroniques et Nutrition Humaine,Membre Permanent(e),1,y3H-SrEAAAAJ,https://scholar.google.com/citations?user=y3H-SrEAAAAJ&hl=en,University of Hassan II Casablanca,,"Helicobacter pylori-related gastroenterology studies; Dialysis and Renal Disease Management; Diabetes, Cardiovascular Risks, and Lipoproteins; Amyloidosis: Diagnosis, Treatment, Outcomes; Obesity, Physical Activity, Diet",314,9,8,,,,,,,,matched,1.0,openalex_name_institution,complete,Google Scholar limite l'accès (HTTP 429) : données OpenAlex (profil rattaché à l'Université Hassan II),openalex
fsbm_karima_mohtadi,Karima Mohtadi,Karima.MOHTADI,FSBM,Laboratoire Biologie et Santé,Pathologies Chroniques et Nutrition Humaine,Membre Permanent(e),1,ExZwFJoAAAAJ,https://scholar.google.com/citations?user=ExZwFJoAAAAJ&hl=en,University of Hassan II Casablanca,,"Obesity, Physical Activity, Diet; Nutritional Studies and Diet; Diabetes, Cardiovascular Risks, and Lipoproteins; Sodium Intake and Health; Global Public Health Policies and Epidemiology",214,7,6,,,,,,,,matched,1.0,openalex_name_institution,complete,Google Scholar limite l'accès (HTTP 429) : données OpenAlex (profil rattaché à l'Université Hassan II),openalex
fsbm_mohammed_berrada,Mohammed Berrada,MOHAMMED.BERRADA,FSBM,Laboratoire Biologie et Santé,Biomolécules et Biomatériaux Polymères,Membre Permanent(e),1,IcuHRngAAAAJ,https://scholar.google.com/citations?user=IcuHRngAAAAJ&hl=en,University of Hassan II Casablanca,,"Nuclear physics research studies; Nuclear Physics and Applications; Hydrogels: synthesis, properties, applications; Advanced Drug Delivery Systems; X-ray Spectroscopy and Fluorescence Analysis",5096,38,67,,,,,,,,matched,1.0,openalex_name_institution,complete,Google Scholar limite l'accès (HTTP 429) : données OpenAlex (profil rattaché à l'Université Hassan II),openalex
fsbm_rachid_saile,Rachid Saile,RACHID.SAILE,FSBM,Laboratoire Biologie et Santé,Pathologies Chroniques et Nutrition Humaine,Membre Permanent(e),1,QebcqNkAAAAJ,https://scholar.google.com/citations?user=QebcqNkAAAAJ&hl=en,University of Hassan II Casablanca,,"Diabetes, Cardiovascular Risks, and Lipoproteins; Antifungal resistance and susceptibility; Dialysis and Renal Disease Management; Management and Organizational Studies; Nutrition and Health in Aging",2,1,0,,,,,,,,matched,1.0,openalex_name_institution,complete,Google Scholar limite l'accès (HTTP 429) : données OpenAlex (profil rattaché à l'Université Hassan II),openalex
fsbm_soumia_belouafa,Soumia Belouafa,SOUMIA.BELOUAFA,FSBM,Laboratoire Biologie et Santé,Biomolécules et Biomatériaux Polymères,Membre Permanent(e),1,PwCedNQAAAAJ,https://scholar.google.com/citations?user=PwCedNQAAAAJ&hl=en,University of Hassan II Casablanca,,Bone Tissue Engineering Materials; Chemical Synthesis and Characterization; Thermal and Kinetic Analysis; Radioactive element chemistry and processing; Dental Implant Techniques and Outcomes,247,8,4,,,,,,,,matched,1.0,openalex_name_institution,complete,Google Scholar limite l'accès (HTTP 429) : données OpenAlex (profil rattaché à l'Université Hassan II),openalex
fsbm_abderrahmane_daif,Abderrahmane Daif,ABDERRAHMANE.DAIF,FSBM,Technologie de l'Information et Modélisation,Big Data et Ingénierie des Systèmes d’Information,Membre Permanent(e),1,fCLesqQAAAAJ,https://scholar.google.com/citations?user=fCLesqQAAAAJ&hl=en,University of Hassan II Casablanca,,Blockchain Technology Applications and Security; Recommender Systems and Techniques; Video Surveillance and Tracking Methods; Digital Marketing and Social Media; Sentiment Analysis and Opinion Mining,87,4,3,,,,,,,,matched,1.0,openalex_name_institution,complete,Google Scholar limite l'accès (HTTP 429) : données OpenAlex (profil rattaché à l'Université Hassan II),openalex
fsbm_elhabib_benlahmar,Elhabib Benlahmar,ELHABIB.BENLAHMAR,FSBM,Technologie de l'Information et Modélisation,Modélisation dirigée par la donnée,Membre Permanent(e),1,upOdTrEAAAAJ,https://scholar.google.com/citations?user=upOdTrEAAAAJ&hl=en,University of Hassan II Casablanca,,Topic Modeling; Advanced Text Analysis Techniques; Semantic Web and Ontologies; IoT and Edge/Fog Computing; Natural Language Processing Techniques,1264,14,23,,,,,,,,matched,0.97,openalex_name_institution,complete,Google Scholar limite l'accès (HTTP 429) : données OpenAlex (profil rattaché à l'Université Hassan II),openalex
fsbm_khalid_kandali,Khalid Kandali,KHALID.KANDALI,FSBM,Technologie de l'Information et Modélisation,Technologies Cognitives et Applications,Membre Permanent(e),1,C_Gt_7IAAAAJ,https://scholar.google.com/citations?user=C_Gt_7IAAAAJ&hl=en,"Université Moulay Ismail de Meknes, University of Hassan II Casablanca",,Vehicular Ad Hoc Networks (VANETs); Mobile Ad Hoc Networks; Opportunistic and Delay-Tolerant Networks; IoT and Edge/Fog Computing; Educational Games and Gamification,256,8,7,,,,,,,,matched,1.0,openalex_name_institution,complete,Google Scholar limite l'accès (HTTP 429) : données OpenAlex (profil rattaché à l'Université Hassan II),openalex
fsbm_mohamed_ghazouani,Mohamed Ghazouani,MOHAMED.GHAZOUANI,FSBM,Technologie de l'Information et Modélisation,Modélisation dirigée par la donnée,Membre Permanent(e),1,6fywzcgAAAAJ,https://scholar.google.com/citations?user=6fywzcgAAAAJ&hl=en,"Chouaib Doukkali University, University of Hassan II Casablanca",,Blockchain Technology Applications and Security; IoT and Edge/Fog Computing; Cloud Data Security Solutions; Network Security and Intrusion Detection; Advanced Malware Detection Techniques,162,7,4,,,,,,,,matched,0.97,openalex_name_institution,complete,Google Scholar limite l'accès (HTTP 429) : données OpenAlex (profil rattaché à l'Université Hassan II),openalex
fsbm_mohssine_bentaib,Mohssine Bentaib,MOHSSINE.BENTAIB,FSBM,Technologie de l'Information et Modélisation,Modélisation dirigée par la donnée,Membre Permanent(e),1,NC6PfXIAAAAJ,https://scholar.google.com/citations?user=NC6PfXIAAAAJ&hl=en,University of Hassan II Casablanca,,Online and Blended Learning; Anomaly Detection Techniques and Applications; Technology-Enhanced Education Studies; Educational Technology and E-Learning; Network Security and Intrusion Detection,45,4,2,,,,,,,,matched,1.0,openalex_name_institution,complete,Google Scholar limite l'accès (HTTP 429) : données OpenAlex (profil rattaché à l'Université Hassan II),openalex
fsbm_mounir_sadiq,Mounir Sadiq,MOUNIR.SADIQ,FSBM,Technologie de l'Information et Modélisation,Technologies Cognitives et Applications,Membre Permanent(e),1,u_jsBCoAAAAJ,https://scholar.google.com/citations?user=u_jsBCoAAAAJ&hl=en,University of Hassan II Casablanca,,Online and Blended Learning; Innovative Teaching and Learning Methods; Evaluation of Teaching Practices; Online Learning and Analytics; Big Data and Business Intelligence,77,5,2,,,,,,,,matched,1.0,openalex_name_institution,complete,Google Scholar limite l'accès (HTTP 429) : données OpenAlex (profil rattaché à l'Université Hassan II),openalex
fsbm_omar_zahour,Omar Zahour,OMAR.ZAHOUR,FSBM,Technologie de l'Information et Modélisation,Modélisation dirigée par la donnée,Membre Permanent(e),1,wUlKz4UAAAAJ,https://scholar.google.com/citations?user=wUlKz4UAAAAJ&hl=en,University of Hassan II Casablanca,,AI in Service Interactions; Topic Modeling; scientometrics and bibliometrics research; Natural Language Processing Techniques; Meta-analysis and systematic reviews,122,5,4,,,,,,,,matched,1.0,openalex_name_institution,complete,Google Scholar limite l'accès (HTTP 429) : données OpenAlex (profil rattaché à l'Université Hassan II),openalex
fsbm_said_nouh,Said Nouh,SAID.NOUH,FSBM,Technologie de l'Information et Modélisation,Technologies Cognitives et Applications,Membre Permanent(e),1,2aKw_8kAAAAJ,https://scholar.google.com/citations?user=2aKw_8kAAAAJ&hl=en,"Centre Hospitalier Universitaire Hassan II, University of Hassan II Casablanca",,Coding theory and cryptography; Error Correcting Code Techniques; Advanced Wireless Communication Techniques; graph theory and CDMA systems; Cryptographic Implementations and Security,176,7,6,,,,,,,,matched,1.0,openalex_name_institution,complete,Google Scholar limite l'accès (HTTP 429) : données OpenAlex (profil rattaché à l'Université Hassan II),openalex
