laboratoire,chercheurs
"Géosciences, Géomatique et Environnement",8
Laboratoire Biologie et Santé,10
"Laboratoire d'Analyse, Modélisation et Simulation",10
Laboratoire d'Ecologie et d'Environnement,4
Laboratoire de Chimie Analytique et Moléculaire,4
Laboratoire de Chimie Physique des Matériaux Appliqués,9
Laboratoire de Physique de la Matière Condensée,7
Laboratoire de Traitement de l'Information,9
Laboratoire d’Ingénierie et de Matériaux,8
Laboratoire d’Intelligence Artificielle et Systèmes,9
Technologie de l'Information et Modélisation,8
