chercheur_id,scholar_id,nom_complet,laboratoire,equipe
fsbm_abdelhak_chakli,,Abdelhak Chakli,Laboratoire de Traitement de l'Information,Télécommunications et Systèmes Automatiques
fsbm_abdelhakim_alali,OcbnqJIAAAAJ,Abdelhakim Alali,Laboratoire de Traitement de l'Information,Systèmes Électroniques Intelligents
fsbm_abdellatif_slimani,PA70UmkAAAAJ,Abdellatif Slimani,Laboratoire de Traitement de l'Information,Télécommunications et Systèmes Automatiques
fsbm_abdelmoghit_zaarane,WyhosLcAAAAJ,Abdelmoghit Zaarane,Laboratoire de Traitement de l'Information,Systèmes Électroniques Intelligents
fsbm_asmaa_drighil,,Asmaa Drighil,Laboratoire de Traitement de l'Information,"Matériaux, Energies Renouvelables et Smart Technologies"
fsbm_asmae_guennoun,5S8wkxEAAAAJ,Asmae Guennoun,Laboratoire de Traitement de l'Information,"Matériaux, Energies Renouvelables et Smart Technologies"
fsbm_aziza_elbakali,ADagKpAAAAAJ,Aziza Elbakali,Laboratoire de Traitement de l'Information,Systèmes Électroniques Intelligents
fsbm_elmostafa_tace,,Elmostafa Tace,Laboratoire de Traitement de l'Information,"Matériaux, Energies Renouvelables et Smart Technologies"
fsbm_hicham_bahri,,Hicham Bahri,Laboratoire de Traitement de l'Information,Télécommunications et Systèmes Automatiques
fsbm_issam_atouf,4Rdvq2YAAAAJ,Issam Atouf,Laboratoire de Traitement de l'Information,Systèmes Électroniques Intelligents
fsbm_mohamed_bour,,Mohamed Bour,Laboratoire de Traitement de l'Information,Télécommunications et Systèmes Automatiques
fsbm_mohamed_talea,3ztbunUAAAAJ,Mohamed Talea,Laboratoire de Traitement de l'Information,Intelligence artificielle et Géoinformatique appliquées
fsbm_mourad_elhabchi,,Mourad Elhabchi,Laboratoire de Traitement de l'Information,Télécommunications et Systèmes Automatiques
fsbm_tarik_chafiq,J1rNqKQAAAAJ,Tarik Chafiq,Laboratoire de Traitement de l'Information,Intelligence artificielle et Géoinformatique appliquées
fsbm_youssef_naimi,22H8d4UAAAAJ,Youssef Naimi,Laboratoire de Traitement de l'Information,"Matériaux, Energies Renouvelables et Smart Technologies"
fsbm_abdelkrim_kartouni,,Abdelkrim Kartouni,Laboratoire de Physique de la Matière Condensée,Subatomique et Applications
fsbm_abdellah_hamdaoui,GcpkTJYAAAAJ,Abdellah Hamdaoui,Laboratoire de Physique de la Matière Condensée,"Mécanique, Ingénierie et Matériaux"
fsbm_abdeltif_morsad,,Abdeltif Morsad,Laboratoire de Physique de la Matière Condensée,Subatomique et Applications
fsbm_abdenbi_khouaja,4GVCnygAAAAJ,Abdenbi Khouaja,Laboratoire de Physique de la Matière Condensée,Subatomique et Applications
fsbm_abderrahim_aithssi,,Abderrahim Aithssi,Laboratoire de Physique de la Matière Condensée,Physique des nanosystèmes et nanocomposites
fsbm_adil_eddiai,,Adil Eddiai,Laboratoire de Physique de la Matière Condensée,Matériaux Innovants et Matière Condensée
fsbm_aouatif_dezairi,,Aouatif Dezairi,Laboratoire de Physique de la Matière Condensée,Physique des nanosystèmes et nanocomposites
fsbm_bouazza_braikat,M9BcVSUAAAAJ,Bouazza Braikat,Laboratoire de Physique de la Matière Condensée,"Mécanique, Ingénierie et Matériaux"
fsbm_brahim_elouardi,,Brahim Elouardi,Laboratoire de Physique de la Matière Condensée,Subatomique et Applications
fsbm_fatna_benzouine,,Fatna Benzouine,Laboratoire de Physique de la Matière Condensée,Subatomique et Applications
fsbm_imad_achik,,Imad Achik,Laboratoire de Physique de la Matière Condensée,Matériaux Innovants et Matière Condensée
fsbm_mhammed_mazroui,,Mhammed Mazroui,Laboratoire de Physique de la Matière Condensée,Matériaux Innovants et Matière Condensée
fsbm_mohamed_bennai,,Mohamed Bennai,Laboratoire de Physique de la Matière Condensée,Physique Quantique et Spintronique
fsbm_mohamed_idiri,oDDe4n4AAAAJ,Mohamed Idiri,Laboratoire de Physique de la Matière Condensée,"Mécanique, Ingénierie et Matériaux"
fsbm_mourad_benlattar,xpxjPL4AAAAJ,Mourad Benlattar,Laboratoire de Physique de la Matière Condensée,Matériaux Innovants et Matière Condensée
fsbm_mustapha_chahid,,Mustapha Chahid,Laboratoire de Physique de la Matière Condensée,Matériaux Innovants et Matière Condensée
fsbm_othmane_daoudi,1W-uvFYAAAAJ,Othmane Daoudi,Laboratoire de Physique de la Matière Condensée,"Mécanique, Ingénierie et Matériaux"
fsbm_ouafae_elhaitamy,,Ouafae Elhaitamy,Laboratoire de Physique de la Matière Condensée,Physique des nanosystèmes et nanocomposites
fsbm_rachida_moultif,S26uLeQAAAAJ,Rachida Moultif,Laboratoire de Physique de la Matière Condensée,Physique des nanosystèmes et nanocomposites
fsbm_said_ouaskit,,Said Ouaskit,Laboratoire de Physique de la Matière Condensée,Physique des nanosystèmes et nanocomposites
fsbm_taoufik_said,,Taoufik Said,Laboratoire de Physique de la Matière Condensée,Physique Quantique et Spintronique
fsbm_youssef_elhafidi,,Youssef Elhafidi,Laboratoire de Physique de la Matière Condensée,Physique Quantique et Spintronique
fsbm_zoubida_sakhi,,Zoubida Sakhi,Laboratoire de Physique de la Matière Condensée,Physique Quantique et Spintronique
fsbm_abdessamad_ghafiri,,Abdessamad Ghafiri,"Géosciences, Géomatique et Environnement",Géomatique Appliquée aux Géosciences et à l'Environnement
fsbm_ahmed_fekri,iVcGR4wAAAAJ,Ahmed Fekri,"Géosciences, Géomatique et Environnement",Géologie Appliquée et Ressources en Eaux
fsbm_allal_labriki,5nrRDxAAAAAJ,Allal Labriki,"Géosciences, Géomatique et Environnement",Géomatique Appliquée aux Géosciences et à l'Environnement
fsbm_faouziya_haissen,IOR7TaoAAAAJ,Faouziya Haissen,"Géosciences, Géomatique et Environnement",Géologie Appliquée et Ressources en Eaux
fsbm_ghalem_zahour,,Ghalem Zahour,"Géosciences, Géomatique et Environnement",Géoressources et Environnement
fsbm_lallamalika_aadjour,,Lallamalika Aadjour,"Géosciences, Géomatique et Environnement",Géoressources et Environnement
fsbm_mohamed_elhilali,,Mohamed Elhilali,"Géosciences, Géomatique et Environnement",Géomatique Appliquée aux Géosciences et à l'Environnement
fsbm_mohamed_samir,,Mohamed Samir,"Géosciences, Géomatique et Environnement",Géoressources et Environnement
fsbm_mostafa_oukassou,AKNLvIEAAAAJ,Mostafa Oukassou,"Géosciences, Géomatique et Environnement",Géologie Appliquée et Ressources en Eaux
fsbm_mustapha_mouflih,DCymGMEAAAAJ,Mustapha Mouflih,"Géosciences, Géomatique et Environnement","Dynamique, Stratigraphie et Valorisation des Bassins Sédimentaires"
fsbm_nadia_barhoun,AvtWIt8AAAAJ,Nadia Barhoun,"Géosciences, Géomatique et Environnement","Dynamique, Stratigraphie et Valorisation des Bassins Sédimentaires"
fsbm_ouafa_elhammoumi,,Ouafa Elhammoumi,"Géosciences, Géomatique et Environnement",Géologie Appliquée et Ressources en Eaux
fsbm_rachid_essamoud,pupxlJ0AAAAJ,Rachid Essamoud,"Géosciences, Géomatique et Environnement","Dynamique, Stratigraphie et Valorisation des Bassins Sédimentaires"
fsbm_saida_alikouss,,Saida Alikouss,"Géosciences, Géomatique et Environnement",Géoressources et Environnement
fsbm_saida_elmoutaki,,Saida Elmoutaki,"Géosciences, Géomatique et Environnement",Géomatique Appliquée aux Géosciences et à l'Environnement
fsbm_salem_elouariti,,Salem Elouariti,"Géosciences, Géomatique et Environnement","Dynamique, Stratigraphie et Valorisation des Bassins Sédimentaires"
fsbm_soufiane_maimouni,TvMcd8oAAAAJ,Soufiane Maimouni,"Géosciences, Géomatique et Environnement",Géomatique Appliquée aux Géosciences et à l'Environnement
fsbm_taoufiqnaima_bachiri,,Taoufiqnaima Bachiri,"Géosciences, Géomatique et Environnement","Dynamique, Stratigraphie et Valorisation des Bassins Sédimentaires"
fsbm_yousra_morsli,,Yousra Morsli,"Géosciences, Géomatique et Environnement",Géoressources et Environnement
fsbm_zouhir_baroudi,,Zouhir Baroudi,"Géosciences, Géomatique et Environnement",Géoressources et Environnement
fsbm_abdelkbir_errougui,,Abdelkbir Errougui,Laboratoire de Chimie Analytique et Moléculaire,"Chimie Physique, Modélisation Moléculaire et Substances Naturelles"
fsbm_abdelkebir_kenz,,Abdelkebir Kenz,Laboratoire de Chimie Analytique et Moléculaire,Catalyse et Environnement
fsbm_bahija_mounir,,Bahija Mounir,Laboratoire de Chimie Analytique et Moléculaire,Catalyse et Environnement
fsbm_driss_boriky,,Driss Boriky,Laboratoire de Chimie Analytique et Moléculaire,"Chimie Physique, Modélisation Moléculaire et Substances Naturelles"
fsbm_fathallaah_bazi,,Fathallaah Bazi,Laboratoire de Chimie Analytique et Moléculaire,Catalyse et Environnement
fsbm_fatiha_amegrissi,,Fatiha Amegrissi,Laboratoire de Chimie Analytique et Moléculaire,Catalyse et Environnement
fsbm_fatna_eddaqaq,,Fatna Eddaqaq,Laboratoire de Chimie Analytique et Moléculaire,Catalyse et Environnement
fsbm_imane_yamari,,Imane Yamari,Laboratoire de Chimie Analytique et Moléculaire,"Chimie Physique, Modélisation Moléculaire et Substances Naturelles"
fsbm_laila_bennani,,Laila Bennani,Laboratoire de Chimie Analytique et Moléculaire,"Matériaux, Analyse et Procédés"
fsbm_lamia_bourja,,Lamia Bourja,Laboratoire de Chimie Analytique et Moléculaire,"Matériaux, Analyse et Procédés"
fsbm_mhammed_elkouali,,Mhammed Elkouali,Laboratoire de Chimie Analytique et Moléculaire,"Chimie Physique, Modélisation Moléculaire et Substances Naturelles"
fsbm_mohamed_moumou,0rekc_YAAAAJ,Mohamed Moumou,Laboratoire de Chimie Analytique et Moléculaire,"Chimie Physique, Modélisation Moléculaire et Substances Naturelles"
fsbm_mohamed_radid,ZITQAJoAAAAJ,Mohamed Radid,Laboratoire de Chimie Analytique et Moléculaire,"Chimie Physique, Modélisation Moléculaire et Substances Naturelles"
fsbm_mouna_bouamrani,,Mouna Bouamrani,Laboratoire de Chimie Analytique et Moléculaire,"Matériaux, Analyse et Procédés"
fsbm_omar_aitsidiahmed,,Omar Aitsidiahmed,Laboratoire de Chimie Analytique et Moléculaire,"Matériaux, Analyse et Procédés"
fsbm_samia_yousfi,BQ-SjWEAAAAJ,Samia Yousfi,Laboratoire de Chimie Analytique et Moléculaire,"Matériaux, Analyse et Procédés"
fsbm_samir_chtita,vdPyLoMAAAAJ,Samir Chtita,Laboratoire de Chimie Analytique et Moléculaire,"Chimie Physique, Modélisation Moléculaire et Substances Naturelles"
fsbm_abdeslam_elbouari,,Abdeslam Elbouari,Laboratoire de Chimie Physique des Matériaux Appliqués,Matériaux intelligents et transfert technologique
fsbm_asmaa_benbiyi,tIzgYIoAAAAJ,Asmaa Benbiyi,Laboratoire de Chimie Physique des Matériaux Appliqués,Matériaux fonctionnels et applications
fsbm_aziz_boutouil,8X0-WxsAAAAJ,Aziz Boutouil,Laboratoire de Chimie Physique des Matériaux Appliqués,Matériaux fonctionnels et applications
fsbm_boubker_mehdaoui,SAAqKKsAAAAJ,Boubker Mehdaoui,Laboratoire de Chimie Physique des Matériaux Appliqués,Matériaux fonctionnels et applications
fsbm_chaouki_sadik,XytSkkwAAAAJ,Chaouki Sadik,Laboratoire de Chimie Physique des Matériaux Appliqués,"Géomatériaux, efficacité énergétique et environnement"
fsbm_fouad_alloun,zrGeAWgAAAAJ,Fouad Alloun,Laboratoire de Chimie Physique des Matériaux Appliqués,Matériaux fonctionnels et applications
fsbm_imane_boumanchar,,Imane Boumanchar,Laboratoire de Chimie Physique des Matériaux Appliqués,Matériaux intelligents et transfert technologique
fsbm_laila_laasri,,Laila Laasri,Laboratoire de Chimie Physique des Matériaux Appliqués,"Géomatériaux, efficacité énergétique et environnement"
fsbm_mohammed_belghiti,,Mohammed Belghiti,Laboratoire de Chimie Physique des Matériaux Appliqués,Valorisation des matériaux et modélisation
fsbm_mohammed_benniss,,Mohammed Benniss,Laboratoire de Chimie Physique des Matériaux Appliqués,Matériaux intelligents et transfert technologique
fsbm_mohammed_ezzine,,Mohammed Ezzine,Laboratoire de Chimie Physique des Matériaux Appliqués,"Géomatériaux, efficacité énergétique et environnement"
fsbm_omar_tanane,0KSJLhAAAAAJ,Omar Tanane,Laboratoire de Chimie Physique des Matériaux Appliqués,Matériaux intelligents et transfert technologique
fsbm_said_bakkali,idesK9gAAAAJ,Said Bakkali,Laboratoire de Chimie Physique des Matériaux Appliqués,Valorisation des matériaux et modélisation
fsbm_said_belaaouad,,Said Belaaouad,Laboratoire de Chimie Physique des Matériaux Appliqués,Valorisation des matériaux et modélisation
fsbm_soufiane_zerraf,R7b0F7cAAAAJ,Soufiane Zerraf,Laboratoire de Chimie Physique des Matériaux Appliqués,Valorisation des matériaux et modélisation
fsbm_younes_abboud,G0zEVVUAAAAJ,Younes Abboud,Laboratoire de Chimie Physique des Matériaux Appliqués,Matériaux fonctionnels et applications
fsbm_abdelmottalib_nahli,FJUvtg8AAAAJ,Abdelmottalib Nahli,Laboratoire d'Ecologie et d'Environnement,ECotoxicologie et Biomonitoring
fsbm_ahmed_elmoukhtari,,Ahmed Elmoukhtari,Laboratoire d'Ecologie et d'Environnement,Ecologie et Ecophysiologie Végétales
fsbm_assia_mouslim,,Assia Mouslim,Laboratoire d'Ecologie et d'Environnement,Microbiologie Appliquée
fsbm_ayoub_belghiti,,Ayoub Belghiti,Laboratoire d'Ecologie et d'Environnement,Microbiologie Appliquée
fsbm_bouchra_rachdi,,Bouchra Rachdi,Laboratoire d'Ecologie et d'Environnement,Ecologie et Ecophysiologie Végétales
fsbm_hanan_elaououad,,Hanan Elaououad,Laboratoire d'Ecologie et d'Environnement,Ecologie et Ecophysiologie Végétales
fsbm_hassan_fougrach,,Hassan Fougrach,Laboratoire d'Ecologie et d'Environnement,Ecologie et Ecophysiologie Végétales
fsbm_houda_elhajjouji,,Houda Elhajjouji,Laboratoire d'Ecologie et d'Environnement,Ecologie et Ecophysiologie Végétales
fsbm_ilham_zerdani,,Ilham Zerdani,Laboratoire d'Ecologie et d'Environnement,Microbiologie Appliquée
fsbm_jamal_mouslim,,Jamal Mouslim,Laboratoire d'Ecologie et d'Environnement,Microbiologie Appliquée
fsbm_karima_samir,,Karima Samir,Laboratoire d'Ecologie et d'Environnement,Ecologie et Ecophysiologie Végétales
fsbm_keltoum_elbouhmadi,,Keltoum Elbouhmadi,Laboratoire d'Ecologie et d'Environnement,Ecologie et Ecophysiologie Végétales
fsbm_latifa_rohi,,Latifa Rohi,Laboratoire d'Ecologie et d'Environnement,"Hydrobiologie, Ecologie et Ecophysiologie Animales"
fsbm_loubna_benidire,BhRwnEcAAAAJ,Loubna Benidire,Laboratoire d'Ecologie et d'Environnement,Microbiologie Appliquée
fsbm_mohamed_farh,,Mohamed Farh,Laboratoire d'Ecologie et d'Environnement,"Hydrobiologie, Ecologie et Ecophysiologie Animales"
fsbm_mohammed_elkhasmi,,Mohammed Elkhasmi,Laboratoire d'Ecologie et d'Environnement,"Hydrobiologie, Ecologie et Ecophysiologie Animales"
fsbm_mohammed_menggad,,Mohammed Menggad,Laboratoire d'Ecologie et d'Environnement,Microbiologie Appliquée
fsbm_nadia_iounes,cWLIf40AAAAJ,Nadia Iounes,Laboratoire d'Ecologie et d'Environnement,ECotoxicologie et Biomonitoring
fsbm_rabab_tabite,,Rabab Tabite,Laboratoire d'Ecologie et d'Environnement,"Hydrobiologie, Ecologie et Ecophysiologie Animales"
fsbm_rhimou_elhamoumi,,Rhimou Elhamoumi,Laboratoire d'Ecologie et d'Environnement,"Hydrobiologie, Ecologie et Ecophysiologie Animales"
fsbm_sanaa_aithamou,,Sanaa Aithamou,Laboratoire d'Ecologie et d'Environnement,ECotoxicologie et Biomonitoring
fsbm_souad_elamrani,,Souad Elamrani,Laboratoire d'Ecologie et d'Environnement,ECotoxicologie et Biomonitoring
fsbm_wadi_badri,ntBEnvsAAAAJ,Wadi Badri,Laboratoire d'Ecologie et d'Environnement,Ecologie et Ecophysiologie Végétales
fsbm_abdelaziz_ettaoufik,,Abdelaziz Ettaoufik,Laboratoire d’Intelligence Artificielle et Systèmes,Ingénierie Logicielle Intelligente et Analyse Stochastique
fsbm_abdessamad_belangour,i8X0MgkAAAAJ,Abdessamad Belangour,Laboratoire d’Intelligence Artificielle et Systèmes,Ingénierie Logicielle Intelligente et Analyse Stochastique
fsbm_driss_bouggar,6TfW2X0AAAAJ,Driss Bouggar,Laboratoire d’Intelligence Artificielle et Systèmes,Ingénierie Logicielle Intelligente et Analyse Stochastique
fsbm_faouzia_benabbou,QOxPeEoAAAAJ,Faouzia Benabbou,Laboratoire d’Intelligence Artificielle et Systèmes,"Innovation en Science des Données, Intelligence Artificielle et Cloud"
fsbm_fouzia_elazzaby,,Fouzia Elazzaby,Laboratoire d’Intelligence Artificielle et Systèmes,"Innovation en Science des Données, Intelligence Artificielle et Cloud"
fsbm_khadija_achtaich,EhsD_L4AAAAJ,Khadija Achtaich,Laboratoire d’Intelligence Artificielle et Systèmes,Systèmes Intelligents et Modélisation Avancée
fsbm_mohammed_aitdaoud,xjxxn0cAAAAJ,Mohammed Aitdaoud,Laboratoire d’Intelligence Artificielle et Systèmes,Systèmes Intelligents et Modélisation Avancée
fsbm_mostafa_hanoune,,Mostafa Hanoune,Laboratoire d’Intelligence Artificielle et Systèmes,Systèmes Intelligents et Modélisation Avancée
fsbm_nabil_aharrane,,Nabil Aharrane,Laboratoire d’Intelligence Artificielle et Systèmes,Systèmes Intelligents et Modélisation Avancée
fsbm_naceur_achtaich,,Naceur Achtaich,Laboratoire d’Intelligence Artificielle et Systèmes,"Sciences des Données, Technologies Intelligentes et Cybersécurité"
fsbm_nawal_sael,hfAJHyYAAAAJ,Nawal Sael,Laboratoire d’Intelligence Artificielle et Systèmes,"Innovation en Science des Données, Intelligence Artificielle et Cloud"
fsbm_rachida_aitabdelouahid,w3Uyl9kAAAAJ,Rachida Aitabdelouahid,Laboratoire d’Intelligence Artificielle et Systèmes,"Sciences des Données, Technologies Intelligentes et Cybersécurité"
fsbm_sanaa_elfilali,peesMqoAAAAJ,Sanaa Elfilali,Laboratoire d’Intelligence Artificielle et Systèmes,"Sciences des Données, Technologies Intelligentes et Cybersécurité"
fsbm_sara_ouahabi,,Sara Ouahabi,Laboratoire d’Intelligence Artificielle et Systèmes,"Sciences des Données, Technologies Intelligentes et Cybersécurité"
fsbm_youssef_sekhara,ixCm7WYAAAAJ,Youssef Sekhara,Laboratoire d’Intelligence Artificielle et Systèmes,Ingénierie Logicielle Intelligente et Analyse Stochastique
fsbm_abdelhafid_bassou,FPo3tVoAAAAJ,Abdelhafid Bassou,"Laboratoire d'Analyse, Modélisation et Simulation","Equipe Algèbre, Analyse et Géométrie"
fsbm_abdelmalek_aboussoror,,Abdelmalek Aboussoror,"Laboratoire d'Analyse, Modélisation et Simulation","Equipe Algèbre, Analyse et Géométrie"
fsbm_abderrahim_eladraoui,QTr_ct4AAAAJ,Abderrahim Eladraoui,"Laboratoire d'Analyse, Modélisation et Simulation","Equipe Algèbre, Analyse et Géométrie"
fsbm_bouchra_aharmim,fEERQmoAAAAJ,Bouchra Aharmim,"Laboratoire d'Analyse, Modélisation et Simulation","Equipe Algèbre, Analyse et Géométrie"
fsbm_elmehdi_lotfi,co3r6zAAAAAJ,Elmehdi Lotfi,"Laboratoire d'Analyse, Modélisation et Simulation",Equipe de Systèmes Dynamiques
fsbm_fouad_lahmidi,,Fouad Lahmidi,"Laboratoire d'Analyse, Modélisation et Simulation",Equipe de Systèmes Dynamiques
fsbm_hamza_boutayeb,,Hamza Boutayeb,"Laboratoire d'Analyse, Modélisation et Simulation",Equipe Statistiques et Modélisation
fsbm_hanane_ferjouchia,,Hanane Ferjouchia,"Laboratoire d'Analyse, Modélisation et Simulation",Equipe Statistiques et Modélisation
fsbm_hassan_laarabi,51svnvMAAAAJ,Hassan Laarabi,"Laboratoire d'Analyse, Modélisation et Simulation",Equipe de Systèmes Dynamiques
fsbm_imane_agmour,MneM6ocAAAAJ,Imane Agmour,"Laboratoire d'Analyse, Modélisation et Simulation",Equipe de Systèmes Dynamiques
fsbm_imane_elberrai,,Imane Elberrai,"Laboratoire d'Analyse, Modélisation et Simulation",Equipe de Systèmes Dynamiques
fsbm_jamal_bouyaghroumni,,Jamal Bouyaghroumni,"Laboratoire d'Analyse, Modélisation et Simulation",Equipe de Systèmes Dynamiques
fsbm_jamal_mouline,,Jamal Mouline,"Laboratoire d'Analyse, Modélisation et Simulation","Equipe Algèbre, Analyse et Géométrie"
fsbm_khadija_bouzkoura,,Khadija Bouzkoura,"Laboratoire d'Analyse, Modélisation et Simulation","Equipe Algèbre, Analyse et Géométrie"
fsbm_khalid_adnaoui,5ap2WIIAAAAJ,Khalid Adnaoui,"Laboratoire d'Analyse, Modélisation et Simulation",Equipe Statistiques et Modélisation
fsbm_malika_izid,AF7HTzkAAAAJ,Malika Izid,"Laboratoire d'Analyse, Modélisation et Simulation","Equipe Algèbre, Analyse et Géométrie"
fsbm_mohamed_berghout,,Mohamed Berghout,"Laboratoire d'Analyse, Modélisation et Simulation","Equipe Algèbre, Analyse et Géométrie"
fsbm_mohamed_guessous,,Mohamed Guessous,"Laboratoire d'Analyse, Modélisation et Simulation","Equipe Algèbre, Analyse et Géométrie"
fsbm_mounir_elouarrachi,,Mounir Elouarrachi,"Laboratoire d'Analyse, Modélisation et Simulation","Equipe Algèbre, Analyse et Géométrie"
fsbm_moussa_bachraoui,,Moussa Bachraoui,"Laboratoire d'Analyse, Modélisation et Simulation",Equipe Statistiques et Modélisation
fsbm_omar_zakary,J8JyWLYAAAAJ,Omar Zakary,"Laboratoire d'Analyse, Modélisation et Simulation",Equipe Statistiques et Modélisation
fsbm_said_benkaddour,rjrWg60AAAAJ,Said Benkaddour,"Laboratoire d'Analyse, Modélisation et Simulation","Equipe Algèbre, Analyse et Géométrie"
fsbm_samia_bennani,,Samia Bennani,"Laboratoire d'Analyse, Modélisation et Simulation","Equipe Algèbre, Analyse et Géométrie"
fsbm_sara_bidah,,Sara Bidah,"Laboratoire d'Analyse, Modélisation et Simulation",Equipe Statistiques et Modélisation
fsbm_smahane_saadi,,Smahane Saadi,"Laboratoire d'Analyse, Modélisation et Simulation",Equipe Statistiques et Modélisation
fsbm_abdelilah_akouibaa,0Q-T8x4AAAAJ,Abdelilah Akouibaa,Laboratoire d’Ingénierie et de Matériaux,Sciences Mécanique et Matériaux
fsbm_abderrazak_boubekri,,Abderrazak Boubekri,Laboratoire d’Ingénierie et de Matériaux,Sciences Mécanique et Matériaux
fsbm_abdeslam_elassyry,,Abdeslam Elassyry,Laboratoire d’Ingénierie et de Matériaux,Sciences Mécanique et Matériaux
fsbm_kamal_abderrafi,,Kamal Abderrafi,Laboratoire d’Ingénierie et de Matériaux,Nanomatériaux et Couches Minces
fsbm_laila_elaarabi,,Laila Elaarabi,Laboratoire d’Ingénierie et de Matériaux,Sciences Mécanique et Matériaux
fsbm_laila_mouakkir,FJVaLHwAAAAJ,Laila Mouakkir,Laboratoire d’Ingénierie et de Matériaux,Sciences Mécanique et Matériaux
fsbm_latifa_hajji,,Latifa Hajji,Laboratoire d’Ingénierie et de Matériaux,Matériaux Innovants
fsbm_mbarka_mourabit,COxcISUAAAAJ,Mbarka Mourabit,Laboratoire d’Ingénierie et de Matériaux,Sciences Mécanique et Matériaux
fsbm_meriem_errifaiy,,Meriem Errifaiy,Laboratoire d’Ingénierie et de Matériaux,Sciences Mécanique et Matériaux
fsbm_mina_oumam,moH1YMsAAAAJ,Mina Oumam,Laboratoire d’Ingénierie et de Matériaux,Matériaux Innovants
fsbm_rachid_nassif,,Rachid Nassif,Laboratoire d’Ingénierie et de Matériaux,Sciences Mécanique et Matériaux
fsbm_rhma_adhiri,8OVvchAAAAAJ,Rhma Adhiri,Laboratoire d’Ingénierie et de Matériaux,Nanomatériaux et Couches Minces
fsbm_said_gmouh,DesMDlAAAAAJ,Said Gmouh,Laboratoire d’Ingénierie et de Matériaux,Matériaux Innovants
fsbm_siham_slassi,-1DLu7sAAAAJ,Siham Slassi,Laboratoire d’Ingénierie et de Matériaux,Matériaux Innovants
fsbm_souad_lahlou,,Souad Lahlou,Laboratoire d’Ingénierie et de Matériaux,Nanomatériaux et Couches Minces
fsbm_soumia_mordane,hIN0ScAAAAAJ,Soumia Mordane,Laboratoire d’Ingénierie et de Matériaux,Sciences Mécanique et Matériaux
fsbm_touria_lachhab,,Touria Lachhab,Laboratoire d’Ingénierie et de Matériaux,Nanomatériaux et Couches Minces
fsbm_abdelmjid_abourriche,iKIUSQIAAAAJ,Abdelmjid Abourriche,Laboratoire Biologie et Santé,Biomolécules et Biomatériaux Polymères
fsbm_aicha_nordine,,Aicha Nordine,Laboratoire Biologie et Santé,Biomolécules et Biomatériaux Polymères
fsbm_aljhanann_salih,,Aljhanann Salih,Laboratoire Biologie et Santé,"Pathologies Métaboliques, Immunitaires et Tumorales"
fsbm_amal_elhamsaselyoubi,6EGcmiAAAAAJ,Amal Elhamsaselyoubi,Laboratoire Biologie et Santé,"Pathologies Métaboliques, Immunitaires et Tumorales"
fsbm_anass_kettani,aKcwH1kAAAAJ,Anass Kettani,Laboratoire Biologie et Santé,Modélisation Moléculaire et Contrôle Qualité
fsbm_driss_radallah,ENJeQHAAAAAJ,Driss Radallah,Laboratoire Biologie et Santé,"Pathologies Métaboliques, Immunitaires et Tumorales"
fsbm_fatimazahra_kehailou,,Fatimazahra Kehailou,Laboratoire Biologie et Santé,Pathologies Chroniques et Nutrition Humaine
fsbm_fouad_damiri,1nFMkMcAAAAJ,Fouad Damiri,Laboratoire Biologie et Santé,Biomolécules et Biomatériaux Polymères
fsbm_halima_lebrazi,y3H-SrEAAAAJ,Halima Lebrazi,Laboratoire Biologie et Santé,Pathologies Chroniques et Nutrition Humaine
fsbm_hassan_taki,,Hassan Taki,Laboratoire Biologie et Santé,Pathologies Chroniques et Nutrition Humaine
fsbm_hassaniahmed_adlouni,,Hassaniahmed Adlouni,Laboratoire Biologie et Santé,"Pathologies Métaboliques, Immunitaires et Tumorales"
fsbm_hind_bouzoubaa,,Hind Bouzoubaa,Laboratoire Biologie et Santé,Modélisation Moléculaire et Contrôle Qualité
fsbm_houda_bennani,,Houda Bennani,Laboratoire Biologie et Santé,Modélisation Moléculaire et Contrôle Qualité
fsbm_imane_elouahabi,,Imane Elouahabi,Laboratoire Biologie et Santé,Modélisation Moléculaire et Contrôle Qualité
fsbm_karima_mohtadi,ExZwFJoAAAAJ,Karima Mohtadi,Laboratoire Biologie et Santé,Pathologies Chroniques et Nutrition Humaine
fsbm_meryem_bouqdayr,,Meryem Bouqdayr,Laboratoire Biologie et Santé,Modélisation Moléculaire et Contrôle Qualité
fsbm_mohammed_berrada,IcuHRngAAAAJ,Mohammed Berrada,Laboratoire Biologie et Santé,Biomolécules et Biomatériaux Polymères
fsbm_rachid_saile,QebcqNkAAAAJ,Rachid Saile,Laboratoire Biologie et Santé,Pathologies Chroniques et Nutrition Humaine
fsbm_samira_serghat,,Samira Serghat,Laboratoire Biologie et Santé,Modélisation Moléculaire et Contrôle Qualité
fsbm_souad_rahim,,Souad Rahim,Laboratoire Biologie et Santé,Pathologies Chroniques et Nutrition Humaine
fsbm_soumia_belouafa,PwCedNQAAAAJ,Soumia Belouafa,Laboratoire Biologie et Santé,Biomolécules et Biomatériaux Polymères
fsbm_abdelaziz_marzak,,Abdelaziz Marzak,Technologie de l'Information et Modélisation,Système intelligents et IOT
fsbm_abderrahmane_daif,fCLesqQAAAAJ,Abderrahmane Daif,Technologie de l'Information et Modélisation,Big Data et Ingénierie des Systèmes d’Information
fsbm_elhabib_benlahmar,upOdTrEAAAAJ,Elhabib Benlahmar,Technologie de l'Information et Modélisation,Modélisation dirigée par la donnée
fsbm_ichrak_benamri,,Ichrak Benamri,Technologie de l'Information et Modélisation,Système intelligents et IOT
fsbm_khalid_kandali,C_Gt_7IAAAAJ,Khalid Kandali,Technologie de l'Information et Modélisation,Technologies Cognitives et Applications
fsbm_mohamed_azzouazi,,Mohamed Azzouazi,Technologie de l'Information et Modélisation,Big Data et Ingénierie des Systèmes d’Information
fsbm_mohamed_ghazouani,6fywzcgAAAAJ,Mohamed Ghazouani,Technologie de l'Information et Modélisation,Modélisation dirigée par la donnée
fsbm_mohssine_bentaib,NC6PfXIAAAAJ,Mohssine Bentaib,Technologie de l'Information et Modélisation,Modélisation dirigée par la donnée
fsbm_mounir_sadiq,u_jsBCoAAAAJ,Mounir Sadiq,Technologie de l'Information et Modélisation,Technologies Cognitives et Applications
fsbm_omar_zahour,wUlKz4UAAAAJ,Omar Zahour,Technologie de l'Information et Modélisation,Modélisation dirigée par la donnée
fsbm_said_nouh,2aKw_8kAAAAJ,Said Nouh,Technologie de l'Information et Modélisation,Technologies Cognitives et Applications
fsbm_soufiane_ardchir,,Soufiane Ardchir,Technologie de l'Information et Modélisation,Big Data et Ingénierie des Systèmes d’Information
fsbm_soumaya_ounacer,,Soumaya Ounacer,Technologie de l'Information et Modélisation,Big Data et Ingénierie des Systèmes d’Information
fsbm_tarik_ahajjam,,Tarik Ahajjam,Technologie de l'Information et Modélisation,Technologies Cognitives et Applications
fsbm_yman_chemlal,,Yman Chemlal,Technologie de l'Information et Modélisation,Système intelligents et IOT
